Life expectancy ,Adult Mortality,GDP,Income composition of resources
56.6,429,955.648466,0.464
56.7,295,198.7285436,0.373
56.7,32,178.92799,0.377
56.7,287,543.957418,0.405
89,69,4792.65288,0.92
89,67,817.77681,0.936
